{
  "properties": {
    "connectionReferences": {
      "shared_commondataserviceforapps": {
        "runtimeSource": "embedded",
        "connection": {
          "connectionReferenceLogicalName": "sf_sharedcommondataserviceforapps_eade2"
        },
        "api": {
          "name": "shared_commondataserviceforapps"
        }
      },
      "shared_office365": {
        "runtimeSource": "embedded",
        "connection": {
          "connectionReferenceLogicalName": "sf_sharedoffice365_6a2d3"
        },
        "api": {
          "name": "shared_office365"
        }
      },
      "shared_office365users": {
        "runtimeSource": "embedded",
        "connection": {
          "connectionReferenceLogicalName": "sf_sharedoffice365users_60e17"
        },
        "api": {
          "name": "shared_office365users"
        }
      }
    },
    "definition": {
      "$schema": "https://schema.management.azure.com/providers/Microsoft.Logic/schemas/2016-06-01/workflowdefinition.json#",
      "contentVersion": "1.0.0.0",
      "parameters": {
        "$connections": {
          "defaultValue": {},
          "type": "Object"
        },
        "$authentication": {
          "defaultValue": {},
          "type": "SecureObject"
        }
      },
      "triggers": {
        "When_a_row_is_added,_modified_or_deleted": {
          "metadata": {
            "operationMetadataId": "56291a50-501e-458b-82f0-f7288994a9eb"
          },
          "type": "OpenApiConnectionWebhook",
          "inputs": {
            "host": {
              "connectionName": "shared_commondataserviceforapps",
              "operationId": "SubscribeWebhookTrigger",
              "apiId": "/providers/Microsoft.PowerApps/apis/shared_commondataserviceforapps"
            },
            "parameters": {
              "subscriptionRequest/message": 1,
              "subscriptionRequest/entityname": "cr5bf_issuelog",
              "subscriptionRequest/scope": 4
            },
            "authentication": "@parameters('$authentication')"
          }
        }
      },
      "actions": {
        "Create_text_with_GPT_using_a_prompt": {
          "runAfter": {
            "Get_my_profile_(V2)": [
              "Succeeded"
            ]
          },
          "metadata": {
            "operationMetadataId": "3b650f2b-286c-4ef4-a103-5a0e7958debb",
            "flowSystemMetadata": {
              "portalOperationId": "aibuilderpredict_customprompt",
              "portalOperationGroup": "aibuilder",
              "portalOperationApiDisplayNameOverride": "AI Builder",
              "portalOperationIconOverride": "https://content.powerapps.com/resource/makerx/static/pauto/images/designeroperations/aiBuilderNew.51dbdb6b.png",
              "portalOperationBrandColorOverride": "#0A76C4",
              "portalOperationApiTierOverride": "Standard"
            }
          },
          "type": "OpenApiConnection",
          "inputs": {
            "host": {
              "connectionName": "shared_commondataserviceforapps",
              "operationId": "aibuilderpredict_customprompt",
              "apiId": "/providers/Microsoft.PowerApps/apis/shared_commondataserviceforapps"
            },
            "parameters": {
              "recordId": "c28ffa11-e67e-4a2a-b3be-bf4582a0d8a9",
              "item/requestv2/Description": "@triggerOutputs()?['body/cr5bf_description']"
            },
            "authentication": "@parameters('$authentication')"
          }
        },
        "Send_an_email_(V2)_-_Notify_Requester": {
          "runAfter": {
            "Apply_to_each": [
              "Succeeded"
            ]
          },
          "metadata": {
            "operationMetadataId": "cd3ed14f-5d37-492c-9130-0dd32cb346a3"
          },
          "type": "OpenApiConnection",
          "inputs": {
            "host": {
              "connectionName": "shared_office365",
              "operationId": "SendEmailV2",
              "apiId": "/providers/Microsoft.PowerApps/apis/shared_office365"
            },
            "parameters": {
              "emailMessage/To": "@outputs('Get_my_profile_(V2)')?['body/mail']",
              "emailMessage/Subject": "Maintenance Issue Reported Successfully",
              "emailMessage/Body": "<p>Hello @{outputs('Get_my_profile_(V2)')?['body/displayName']}<br>\n<br>\nYour Issue was submitted successfully.<br>\n<br>\nYou can view your logged issue for recommended action, if you are skilled.<br>\n<br>\n<br>\nRegards,<br>\nManagement<br>\n</p>",
              "emailMessage/Importance": "Normal"
            },
            "authentication": "@parameters('$authentication')"
          }
        },
        "Get_my_profile_(V2)": {
          "runAfter": {},
          "metadata": {
            "operationMetadataId": "ccafb0b5-7527-451c-8138-1b0767c38cf0"
          },
          "type": "OpenApiConnection",
          "inputs": {
            "host": {
              "connectionName": "shared_office365users",
              "operationId": "MyProfile_V2",
              "apiId": "/providers/Microsoft.PowerApps/apis/shared_office365users"
            },
            "parameters": {},
            "authentication": "@parameters('$authentication')"
          }
        },
        "Classify_text_into_categories_with_one_of_your_custom_models": {
          "runAfter": {
            "Create_text_with_GPT_using_a_prompt": [
              "Succeeded"
            ]
          },
          "metadata": {
            "operationMetadataId": "7b2337ac-d5cd-4983-a830-91892e8b1f11",
            "flowSystemMetadata": {
              "portalOperationId": "aibuilderpredict_textclassification",
              "portalOperationGroup": "aibuilder",
              "portalOperationApiDisplayNameOverride": "AI Builder",
              "portalOperationIconOverride": "https://content.powerapps.com/resource/makerx/static/pauto/images/designeroperations/aiBuilderNew.51dbdb6b.png",
              "portalOperationBrandColorOverride": "#0A76C4",
              "portalOperationApiTierOverride": "Standard"
            }
          },
          "type": "OpenApiConnection",
          "inputs": {
            "host": {
              "connectionName": "shared_commondataserviceforapps",
              "operationId": "aibuilderpredict_textclassification",
              "apiId": "/providers/Microsoft.PowerApps/apis/shared_commondataserviceforapps"
            },
            "parameters": {
              "recordId": "f8fbccfd-c5d6-463e-8ac9-15345e4c99bb",
              "item/requestv2/text": "@triggerOutputs()?['body/cr5bf_description']",
              "item/requestv2/language": "Detect automatically"
            },
            "authentication": "@parameters('$authentication')"
          }
        },
        "Apply_to_each": {
          "foreach": "@outputs('Classify_text_into_categories_with_one_of_your_custom_models')?['body/responsev2/predictionOutput/results']",
          "actions": {
            "Update_a_row": {
              "runAfter": {},
              "metadata": {
                "operationMetadataId": "b54b2a98-f40c-4cde-bfdb-7bc98bb3cd71"
              },
              "type": "OpenApiConnection",
              "inputs": {
                "host": {
                  "connectionName": "shared_commondataserviceforapps",
                  "operationId": "UpdateOnlyRecord",
                  "apiId": "/providers/Microsoft.PowerApps/apis/shared_commondataserviceforapps"
                },
                "parameters": {
                  "entityName": "cr5bf_issuelogs",
                  "recordId": "@triggerOutputs()?['body/cr5bf_issuelogid']",
                  "item/sf_airecommendedactions": "@outputs('Create_text_with_GPT_using_a_prompt')?['body/responsev2/predictionOutput/text']",
                  "item/sf_prioritylevel": "@items('Apply_to_each')?['type']"
                },
                "authentication": "@parameters('$authentication')"
              }
            }
          },
          "runAfter": {
            "Classify_text_into_categories_with_one_of_your_custom_models": [
              "Succeeded"
            ]
          },
          "metadata": {
            "operationMetadataId": "6fb45c59-9fdf-4708-9294-4d84bb1662e0"
          },
          "type": "Foreach"
        },
        "Send_an_email_(V2)_-_Notify_maintenance_Team": {
          "runAfter": {
            "Send_an_email_(V2)_-_Notify_Requester": [
              "Succeeded"
            ]
          },
          "metadata": {
            "operationMetadataId": "cd3ed14f-5d37-492c-9130-0dd32cb346a3"
          },
          "type": "OpenApiConnection",
          "inputs": {
            "host": {
              "connectionName": "shared_office365",
              "operationId": "SendEmailV2",
              "apiId": "/providers/Microsoft.PowerApps/apis/shared_office365"
            },
            "parameters": {
              "emailMessage/To": "@outputs('Get_my_profile_(V2)')?['body/mail']",
              "emailMessage/Subject": "New Issue has been reported by @{outputs('Get_my_profile_(V2)')?['body/displayName']}",
              "emailMessage/Body": "<p>Hello @{outputs('Get_my_profile_(V2)')?['body/displayName']}<br>\n<br>\nNew Issue has been reported at @{triggerOutputs()?['body/cr5bf_locationarea']}.<br>\n<br>\n<br>\n<br>\n<br>\n<br>\nRegards,<br>\nManagement<br>\n</p>",
              "emailMessage/Importance": "Normal"
            },
            "authentication": "@parameters('$authentication')"
          }
        }
      }
    },
    "templateName": ""
  },
  "schemaVersion": "1.0.0.0"
}